{"cameraMode":{"drawMode":0,"name":"Shaded","section":"Shading Mode"},"sceneLighting":false,"audioPlay":false,"sceneViewState":{"m_AlwaysRefresh":false,"showFog":true,"showSkybox":false,"showFlares":true,"showImageEffects":true,"showParticleSystems":true,"showVisualEffectGraphs":true,"m_FxEnabled":true},"in2DMode":false,"pivot":{"x":14.551223754882813,"y":-4.654919624328613,"z":-2.7052721977233888},"rotation":{"x":-0.25691455602645876,"y":0.14344672858715058,"z":-0.038591038435697559,"w":-0.9549583196640015},"size":15.962301254272461,"orthographic":false}