{"cameraMode":{"drawMode":0,"name":"Shaded","section":"Shading Mode"},"sceneLighting":false,"audioPlay":false,"sceneViewState":{"m_AlwaysRefresh":false,"showFog":true,"showSkybox":false,"showFlares":true,"showImageEffects":true,"showParticleSystems":true,"showVisualEffectGraphs":true,"m_FxEnabled":true},"in2DMode":false,"pivot":{"x":57.145267486572269,"y":5.653328895568848,"z":-47.974708557128909},"rotation":{"x":-0.25691455602645876,"y":0.14344672858715058,"z":-0.038591038435697559,"w":-0.9549583196640015},"size":31.694046020507814,"orthographic":false}